<?xml version="1.0" encoding="UTF-8"?>
<configuration debug="true" scan="true" scanPeriod="60 seconds">

    <appender name="RollingFile-Appender" class="ch.qos.logback.core.rolling.RollingFileAppender">
        <file>logs/app.log</file>
        <rollingPolicy class="ch.qos.logback.core.rolling.TimeBasedRollingPolicy">
            <fileNamePattern>logs/archive/app.%d{yyyy-MM-dd}.log</fileNamePattern>
            <maxHistory>30</maxHistory>
            <totalSizeCap>100MB</totalSizeCap>
        </rollingPolicy>
        <encoder>
            <pattern>%d{yyyy-MM-dd HH:mm:ss.SSS} [%thread] [%level] %logger{35} %M\(\) -
                %msg%n
            </pattern>
        </encoder>
    </appender>


    <appender name="Async-Appender" class="ch.qos.logback.classic.AsyncAppender">
        <appender-ref ref="RollingFile-Appender"/>
    </appender>

    <appender name="Console-Appender" class="ch.qos.logback.core.ConsoleAppender">
        <encoder>
            <pattern>%d{yyyy-MM-dd HH:mm:ss.SSS} [%thread] [%level] %logger{35} %M\(\) -
                %msg%n
            </pattern>
        </encoder>
    </appender>

    <logger name="org.springframework" level="WARN"/>
    <logger name="org.hibernate" level="WARN"/>
    <logger name="com.vaadin" level="WARN"/>
    <logger name="org.apache" level="WARN"/>
    <logger name="org.vaadin" level="WARN"/>
    <logger name="org.vaadin" level="INFO"/>


    <root>
        <appender-ref ref="Async-Appender"/>
    </root>
</configuration>